{"BISCUIT": {"theta": [0.068886, -0.347587, -0.23152], "size": [12, 17]}, "CAPSID": {"theta": [0.089377, -0.125009, -0.142977], "size": [13, 30]}, "CARAMBA": {"theta": [0.047788, -0.816491, -1.121262], "size": [7, 9]}, "CARTE": {"theta": [0.243351, -0.346872, -0.208072], "size": [7, 12]}, "COAST": {"theta": [-0.050184, -0.371046, -0.227805], "size": [17, 10]}, "GAMBLE": {"theta": [-0.725163, 0.038471, -0.143048], "size": [8, 26]}, "KIWI": {"theta": [0.207023, -0.550839, -0.336326], "size": [7, 12]}, "LARSEN": {"theta": [-0.022328, -0.22575, -0.131027], "size": [25, 17]}, "MADYNES": {"theta": [-0.002234, -0.260691, -0.316542], "size": [23, 33]}, "MAIA": {"theta": [-0.11281, -0.904274, -0.155695], "size": [25, 8]}, "MOSEL": {"theta": [0.040198, -0.353764, -0.226377], "size": [10, 16]}, "MULTISPEECH": {"theta": [-0.034666, -0.123168, -0.250201], "size": [30, 82]}, "NEUROSYS": {"theta": [-0.015696, -0.078339, -0.166646], "size": [13, 23]}, "ORPAILLEUR": {"theta": [-0.006116, -0.165536, -0.279405], "size": [31, 54]}, "PAROLE": {"theta": [0.138845, -0.078252, 0.030928], "size": [10, 16]}, "PESTO": {"theta": [0.082127, -0.242821, -0.202435], "size": [14, 38]}, "RESIST": {"theta": [0.02402, -0.277127, -0.215415], "size": [14, 14]}, "SEMAGRAMME": {"theta": [0.179312, -0.147841, -0.050246], "size": [8, 45]}, "SIMBIOT": {"theta": [0.108077, -0.214017, -0.060041], "size": [12, 14]}, "SMarT": {"theta": [0.037714, -0.084403, -0.040489], "size": [14, 19]}, "SYNALP": {"theta": [-0.00185, -0.19506, -0.366982], "size": [7, 14]}, "VERIDIS": {"theta": [-0.012097, -0.422928, -0.469137], "size": [19, 39]}}